timeStamp,elapsed,label,responseCode,responseMessage,threadName,dataType,success,failureMessage,bytes,sentBytes,grpThreads,allThreads,URL,Latency,IdleTime,Connect
1558001100009,1413,JIRA Authentication,200,,ETrade_API_Demo_Configuration 1-1,text,true,,1375,269,1,1,https://jira-dev.photoninfotech.com/rest/raven/1.0/api/testexec/PU-18/test/,1412,0,978
1558001101429,2605,Account Address Import - Asynch Request,Non HTTP response code: org.apache.http.conn.HttpHostConnectException,Non HTTP response message: Connect to 10.100.201.43:9191 [/10.100.201.43] failed: Connection refused: connect,ETrade_API_Demo_Configuration 1-1,text,false,Expected to find an object with property ['handleId'] in path $ but found 'java.lang.String'. This is not a json object according to the JsonProvider: 'com.jayway.jsonpath.spi.json.JsonSmartJsonProvider'.,2807,0,1,1,http://10.100.201.43:9191/v1/eeo/accounts/address/async,0,0,2604
1558001104065,5,Test result extracter,200,OK,ETrade_API_Demo_Configuration 1-1,text,true,,0,0,1,1,null,0,0,0
1558001104071,157,JIRA Status Update Request,401,,ETrade_API_Demo_Configuration 1-1,text,false,,718,370,1,1,https://jira-dev.photoninfotech.com/rest/raven/1.0/api/testrun/11/status?status=FAIL,157,0,54
1558001104230,1223,Account Address Import - Asynch - Field size exceeded error Request,Non HTTP response code: org.apache.http.conn.HttpHostConnectException,Non HTTP response message: Connect to 10.100.201.43:9292 [/10.100.201.43] failed: Connection refused: connect,ETrade_API_Demo_Configuration 1-1,text,false,Test failed: text expected to contain /Maximum field size exceeded : addressLine1/,2807,0,1,1,http://10.100.201.43:9292/v1/eeo/accounts/address/async/fieldsize,0,0,1223
1558001105456,3,Test result extracter,200,OK,ETrade_API_Demo_Configuration 1-1,text,true,,0,0,1,1,null,0,0,0
1558001105460,19,JIRA Status Update Request,401,,ETrade_API_Demo_Configuration 1-1,text,false,,717,370,1,1,https://jira-dev.photoninfotech.com/rest/raven/1.0/api/testrun/12/status?status=FAIL,18,0,0
1558001105480,1053,Account Address Import - Asynch - Invalid data type error Request,Non HTTP response code: org.apache.http.conn.HttpHostConnectException,Non HTTP response message: Connect to 10.100.201.43:9393 [/10.100.201.43] failed: Connection refused: connect,ETrade_API_Demo_Configuration 1-1,text,false,Test failed: text expected to contain /Invalid data type : includeSuccessRecs/,2807,0,1,1,http://10.100.201.43:9393/v1/eeo/accounts/address/async/invaliddatatypeerror,0,0,1053
1558001106535,2,Test result extracter,200,OK,ETrade_API_Demo_Configuration 1-1,text,true,,0,0,1,1,null,0,0,0
1558001106538,100,JIRA Status Update Request,401,,ETrade_API_Demo_Configuration 1-1,text,false,,718,370,1,1,https://jira-dev.photoninfotech.com/rest/raven/1.0/api/testrun/13/status?status=FAIL,99,0,43
1558001106640,1127,Account Address Import - Asynch - Required field missing error Request,Non HTTP response code: org.apache.http.conn.HttpHostConnectException,Non HTTP response message: Connect to 10.100.201.43:9494 [/10.100.201.43] failed: Connection refused: connect,ETrade_API_Demo_Configuration 1-1,text,false,Expected to find an object with property ['error'] in path $ but found 'java.lang.String'. This is not a json object according to the JsonProvider: 'com.jayway.jsonpath.spi.json.JsonSmartJsonProvider'.,2807,0,1,1,http://10.100.201.43:9494/v1/eeo/accounts/address/async/fieldmiddingerror,0,0,1127
1558001107771,2,Test result extracter,200,OK,ETrade_API_Demo_Configuration 1-1,text,true,,0,0,1,1,null,0,0,0
1558001107774,67,JIRA Status Update Request,401,,ETrade_API_Demo_Configuration 1-1,text,false,,717,370,1,1,https://jira-dev.photoninfotech.com/rest/raven/1.0/api/testrun/14/status?status=FAIL,67,0,0
1558001107842,1099,Account Address Import - Asynch -Total record count exceeded error Request,Non HTTP response code: org.apache.http.conn.HttpHostConnectException,Non HTTP response message: Connect to 10.100.201.43:9595 [/10.100.201.43] failed: Connection refused: connect,ETrade_API_Demo_Configuration 1-1,text,false,,2807,0,1,1,http://10.100.201.43:9595/v1/eeo/accounts/address/async/totalrecordcountexceede,0,0,1099
1558001108941,1,Test result extracter,200,OK,ETrade_API_Demo_Configuration 1-1,text,true,,0,0,1,1,null,0,0,0
1558001108942,50,JIRA Status Update Request,401,,ETrade_API_Demo_Configuration 1-1,text,false,,718,370,1,1,https://jira-dev.photoninfotech.com/rest/raven/1.0/api/testrun/15/status?status=FAIL,50,0,32
1558001108993,2013,Account Address Import - Asynch - Internal server error Request,Non HTTP response code: org.apache.http.conn.HttpHostConnectException,Non HTTP response message: Connect to 10.100.201.43:80 [/10.100.201.43] failed: Connection refused: connect,ETrade_API_Demo_Configuration 1-1,text,false,,2805,0,1,1,http://10.100.201.43/v1/eeo/accounts/address/async/intenalservererror,0,0,2013
1558001111007,1,Test result extracter,200,OK,ETrade_API_Demo_Configuration 1-1,text,true,,0,0,1,1,null,0,0,0
1558001111008,60,JIRA Status Update Request,401,,ETrade_API_Demo_Configuration 1-1,text,false,,718,370,1,1,https://jira-dev.photoninfotech.com/rest/raven/1.0/api/testrun/16/status?status=FAIL,60,0,46
1558001111069,1244,Account Address Import - Get Request Request,Non HTTP response code: org.apache.http.conn.HttpHostConnectException,Non HTTP response message: Connect to 10.100.201.43:9696 [/10.100.201.43] failed: Connection refused: connect,ETrade_API_Demo_Configuration 1-1,text,false,Expected to find an object with property ['totalNoOfRecs'] in path $ but found 'java.lang.String'. This is not a json object according to the JsonProvider: 'com.jayway.jsonpath.spi.json.JsonSmartJsonProvider'.,2807,0,1,1,http://10.100.201.43:9696/v1/eeo/accounts/address/async/Null,0,0,1244
1558001112314,1,Test result extracter,200,OK,ETrade_API_Demo_Configuration 1-1,text,true,,0,0,1,1,null,0,0,0
1558001112315,14,JIRA Status Update Request,401,,ETrade_API_Demo_Configuration 1-1,text,false,,717,370,1,1,https://jira-dev.photoninfotech.com/rest/raven/1.0/api/testrun/17/status?status=FAIL,14,0,0
1558001112330,1370,Account Address Import - Get Import Request Results API Request,Non HTTP response code: org.apache.http.conn.HttpHostConnectException,Non HTTP response message: Connect to 10.100.201.43:9797 [/10.100.201.43] failed: Connection refused: connect,ETrade_API_Demo_Configuration 1-1,text,false,Test failed: code expected to contain /200/,2807,0,1,1,http://10.100.201.43:9797/v1/eeo/accounts/account-address/async/Null/results,0,0,1370
1558001113702,2,Test result extracter,200,OK,ETrade_API_Demo_Configuration 1-1,text,true,,0,0,1,1,null,0,0,0
1558001113705,73,JIRA Status Update Request,401,,ETrade_API_Demo_Configuration 1-1,text,false,,718,370,1,1,https://jira-dev.photoninfotech.com/rest/raven/1.0/api/testrun/18/status?status=FAIL,73,0,35
1558001113779,1188,Account Address Import - Sync Request,Non HTTP response code: org.apache.http.conn.HttpHostConnectException,Non HTTP response message: Connect to 10.100.201.43:9898 [/10.100.201.43] failed: Connection refused: connect,ETrade_API_Demo_Configuration 1-1,text,false,Expected to find an object with property ['accounts'] in path $ but found 'java.lang.String'. This is not a json object according to the JsonProvider: 'com.jayway.jsonpath.spi.json.JsonSmartJsonProvider'.,2807,0,1,1,http://10.100.201.43:9898/v1/eeo/accounts/address/sync,0,0,1188
1558001114968,1,Test result extracter,200,OK,ETrade_API_Demo_Configuration 1-1,text,true,,0,0,1,1,null,0,0,0
1558001114970,62,JIRA Status Update Request,401,,ETrade_API_Demo_Configuration 1-1,text,false,,717,370,1,1,https://jira-dev.photoninfotech.com/rest/raven/1.0/api/testrun/19/status?status=FAIL,62,0,0
1558001115033,1791,Account Address Import - Employee details Request,Non HTTP response code: org.apache.http.conn.HttpHostConnectException,Non HTTP response message: Connect to 10.100.201.43:9999 [/10.100.201.43] failed: Connection refused: connect,ETrade_API_Demo_Configuration 1-1,text,false,Expected to find an object with property ['Employees'] in path $ but found 'java.lang.String'. This is not a json object according to the JsonProvider: 'com.jayway.jsonpath.spi.json.JsonSmartJsonProvider'.,2807,0,1,1,http://10.100.201.43:9999/v1/eeo/emp/details,0,0,1791
1558001116849,1,Test result extracter,200,OK,ETrade_API_Demo_Configuration 1-1,text,true,,0,0,1,1,null,0,0,0
1558001116850,66,JIRA Status Update Request,401,,ETrade_API_Demo_Configuration 1-1,text,false,,718,370,1,1,https://jira-dev.photoninfotech.com/rest/raven/1.0/api/testrun/20/status?status=FAIL,66,0,51
1558001116916,3206,Account Address Import - Employee details validation Request,Non HTTP response code: org.apache.http.conn.HttpHostConnectException,Non HTTP response message: Connect to 10.100.201.43:6060 [/10.100.201.43] failed: Connection refused: connect,ETrade_API_Demo_Configuration 1-1,text,false,Expected to find an object with property ['Employees'] in path $ but found 'java.lang.String'. This is not a json object according to the JsonProvider: 'com.jayway.jsonpath.spi.json.JsonSmartJsonProvider'.,2807,0,1,1,http://10.100.201.43:6060/v1/eeo/emp/details1,0,0,3206
1558001120140,1,Test result extracter,200,OK,ETrade_API_Demo_Configuration 1-1,text,true,,0,0,1,1,null,0,0,0
1558001120142,58,JIRA Status Update Request,401,,ETrade_API_Demo_Configuration 1-1,text,false,,718,370,1,1,https://jira-dev.photoninfotech.com/rest/raven/1.0/api/testrun/20/status?status=FAIL,58,0,37
